uid,summary
id_2000-AGENDA_1,요약문
id_2000-AGENDA_2,요약문
id_2000-AGENDA_3,요약문
id_2000-AGENDA_4,요약문
id_2000-AGENDA_5,요약문
id_2000-AGENDA_6,요약문
id_2001-AGENDA_1,요약문
id_2001-AGENDA_2,요약문
id_2001-AGENDA_3,요약문
id_2001-AGENDA_4,요약문
id_2001-AGENDA_5,요약문
id_2001-AGENDA_6,요약문
id_2001-AGENDA_7,요약문
id_2001-AGENDA_8,요약문
id_2001-AGENDA_9,요약문
id_2001-AGENDA_10,요약문
id_2001-AGENDA_11,요약문
id_2002-AGENDA_1,요약문
id_2002-AGENDA_2,요약문
id_2002-AGENDA_3,요약문
id_2002-AGENDA_4,요약문
id_2002-AGENDA_5,요약문
id_2002-AGENDA_6,요약문
id_2002-AGENDA_7,요약문
id_2002-AGENDA_8,요약문
id_2002-AGENDA_9,요약문
id_2002-AGENDA_10,요약문
id_2002-AGENDA_11,요약문
id_2002-AGENDA_12,요약문
id_2002-AGENDA_13,요약문
id_2003-AGENDA_1,요약문
id_2003-AGENDA_2,요약문
id_2003-AGENDA_3,요약문
id_2003-AGENDA_4,요약문
id_2003-AGENDA_5,요약문
id_2004-AGENDA_1,요약문
id_2004-AGENDA_2,요약문
id_2004-AGENDA_3,요약문
id_2004-AGENDA_4,요약문
id_2005-AGENDA_1,요약문
id_2005-AGENDA_2,요약문
id_2005-AGENDA_3,요약문
id_2005-AGENDA_4,요약문
id_2005-AGENDA_5,요약문
id_2005-AGENDA_6,요약문
id_2006-AGENDA_1,요약문
id_2006-AGENDA_2,요약문
id_2006-AGENDA_3,요약문
id_2006-AGENDA_4,요약문
id_2006-AGENDA_5,요약문
id_2006-AGENDA_6,요약문
id_2006-AGENDA_7,요약문
id_2006-AGENDA_8,요약문
id_2006-AGENDA_9,요약문
id_2006-AGENDA_10,요약문
id_2006-AGENDA_11,요약문
id_2006-AGENDA_12,요약문
id_2006-AGENDA_13,요약문
id_2007-AGENDA_1,요약문
id_2007-AGENDA_2,요약문
id_2007-AGENDA_3,요약문
id_2007-AGENDA_4,요약문
id_2007-AGENDA_5,요약문
id_2009-AGENDA_1,요약문
id_2009-AGENDA_2,요약문
id_2009-AGENDA_3,요약문
id_2009-AGENDA_4,요약문
id_2009-AGENDA_5,요약문
id_2010-AGENDA_1,요약문
id_2010-AGENDA_2,요약문
id_2010-AGENDA_3,요약문
id_2011-AGENDA_1,요약문
id_2011-AGENDA_2,요약문
id_2011-AGENDA_3,요약문
id_2011-AGENDA_4,요약문
id_2011-AGENDA_5,요약문
id_2011-AGENDA_6,요약문
id_2011-AGENDA_7,요약문
id_2012-AGENDA_1,요약문
id_2012-AGENDA_2,요약문
id_2012-AGENDA_3,요약문
id_2012-AGENDA_4,요약문
id_2012-AGENDA_5,요약문
id_2012-AGENDA_6,요약문
id_2012-AGENDA_7,요약문
id_2013-AGENDA_1,요약문
id_2013-AGENDA_2,요약문
id_2013-AGENDA_3,요약문
id_2013-AGENDA_4,요약문
id_2013-AGENDA_5,요약문
id_2013-AGENDA_6,요약문
id_2013-AGENDA_7,요약문
id_2014-AGENDA_1,요약문
id_2014-AGENDA_2,요약문
id_2014-AGENDA_3,요약문
id_2014-AGENDA_4,요약문
id_2014-AGENDA_5,요약문
id_2014-AGENDA_6,요약문
id_2014-AGENDA_7,요약문
id_2015-AGENDA_1,요약문
id_2015-AGENDA_2,요약문
id_2015-AGENDA_3,요약문
id_2015-AGENDA_4,요약문
id_2015-AGENDA_5,요약문
id_2015-AGENDA_6,요약문
id_2016-AGENDA_1,요약문
id_2016-AGENDA_2,요약문
id_2016-AGENDA_3,요약문
id_2018-AGENDA_1,요약문
id_2018-AGENDA_2,요약문
id_2018-AGENDA_3,요약문
id_2018-AGENDA_4,요약문
id_2018-AGENDA_5,요약문
id_2020-AGENDA_1,요약문
id_2020-AGENDA_2,요약문
id_2020-AGENDA_3,요약문
id_2020-AGENDA_4,요약문
id_2020-AGENDA_5,요약문
id_2020-AGENDA_6,요약문
id_2020-AGENDA_7,요약문
id_2020-AGENDA_8,요약문
id_2021-AGENDA_1,요약문
id_2021-AGENDA_2,요약문
id_2021-AGENDA_3,요약문
id_2021-AGENDA_4,요약문
id_2021-AGENDA_5,요약문
id_2021-AGENDA_6,요약문
id_2021-AGENDA_7,요약문
id_2021-AGENDA_8,요약문
id_2023-AGENDA_1,요약문
id_2023-AGENDA_2,요약문
id_2023-AGENDA_3,요약문
id_2023-AGENDA_4,요약문
id_2023-AGENDA_5,요약문
id_2024-AGENDA_1,요약문
id_2024-AGENDA_2,요약문
id_2024-AGENDA_3,요약문
id_2024-AGENDA_4,요약문
id_2024-AGENDA_5,요약문
id_2024-AGENDA_6,요약문
id_2024-AGENDA_7,요약문
id_2025-AGENDA_1,요약문
id_2025-AGENDA_2,요약문
id_2025-AGENDA_3,요약문
id_2025-AGENDA_4,요약문
id_2025-AGENDA_5,요약문
id_2025-AGENDA_6,요약문
id_2026-AGENDA_1,요약문
id_2026-AGENDA_2,요약문
id_2026-AGENDA_3,요약문
id_2026-AGENDA_4,요약문
id_2026-AGENDA_5,요약문
id_2027-AGENDA_1,요약문
id_2027-AGENDA_2,요약문
id_2027-AGENDA_3,요약문
id_2027-AGENDA_4,요약문
id_2027-AGENDA_5,요약문
id_2027-AGENDA_6,요약문
id_2027-AGENDA_7,요약문
id_2028-AGENDA_1,요약문
id_2028-AGENDA_2,요약문
id_2028-AGENDA_3,요약문
id_2028-AGENDA_4,요약문
id_2028-AGENDA_5,요약문
id_2029-AGENDA_1,요약문
id_2029-AGENDA_2,요약문
id_2029-AGENDA_3,요약문
id_2029-AGENDA_4,요약문
id_2031-AGENDA_1,요약문
id_2031-AGENDA_2,요약문
id_2031-AGENDA_3,요약문
id_2031-AGENDA_4,요약문
id_2031-AGENDA_5,요약문
id_2031-AGENDA_6,요약문
id_2031-AGENDA_7,요약문
id_2031-AGENDA_8,요약문
id_2031-AGENDA_9,요약문
id_2032-AGENDA_1,요약문
id_2032-AGENDA_2,요약문
id_2032-AGENDA_3,요약문
id_2032-AGENDA_4,요약문
id_2032-AGENDA_5,요약문
id_2032-AGENDA_6,요약문
id_2033-AGENDA_1,요약문
id_2033-AGENDA_2,요약문
id_2033-AGENDA_3,요약문
id_2033-AGENDA_4,요약문
id_2033-AGENDA_5,요약문
id_2033-AGENDA_6,요약문
id_2033-AGENDA_7,요약문
id_2033-AGENDA_8,요약문
id_2034-AGENDA_1,요약문
id_2034-AGENDA_2,요약문
id_2034-AGENDA_3,요약문
id_2034-AGENDA_4,요약문
id_2034-AGENDA_5,요약문
id_2035-AGENDA_1,요약문
id_2035-AGENDA_2,요약문
id_2035-AGENDA_3,요약문
id_2035-AGENDA_4,요약문
id_2036-AGENDA_1,요약문
id_2036-AGENDA_2,요약문
id_2036-AGENDA_3,요약문
id_2036-AGENDA_4,요약문
id_2036-AGENDA_5,요약문
id_2036-AGENDA_6,요약문
id_2036-AGENDA_7,요약문
id_2036-AGENDA_8,요약문
id_2036-AGENDA_9,요약문
id_2036-AGENDA_10,요약문
id_2036-AGENDA_11,요약문
id_2036-AGENDA_12,요약문
id_2036-AGENDA_13,요약문
id_2036-AGENDA_14,요약문
id_2036-AGENDA_15,요약문
id_2036-AGENDA_16,요약문
id_2037-AGENDA_1,요약문
id_2037-AGENDA_2,요약문
id_2037-AGENDA_3,요약문
id_2037-AGENDA_4,요약문
id_2038-AGENDA_1,요약문
id_2038-AGENDA_2,요약문
id_2038-AGENDA_3,요약문
id_2038-AGENDA_4,요약문
id_2038-AGENDA_5,요약문
id_2038-AGENDA_6,요약문
id_2038-AGENDA_7,요약문
id_2038-AGENDA_8,요약문
id_2039-AGENDA_1,요약문
id_2039-AGENDA_2,요약문
id_2039-AGENDA_3,요약문
id_2039-AGENDA_4,요약문
id_2039-AGENDA_5,요약문
id_2039-AGENDA_6,요약문
id_2040-AGENDA_1,요약문
id_2040-AGENDA_2,요약문
id_2040-AGENDA_3,요약문
id_2040-AGENDA_4,요약문
id_2040-AGENDA_5,요약문
id_2041-AGENDA_1,요약문
id_2041-AGENDA_2,요약문
id_2041-AGENDA_3,요약문
id_2041-AGENDA_4,요약문
id_2041-AGENDA_5,요약문
id_2041-AGENDA_6,요약문
id_2042-AGENDA_1,요약문
id_2042-AGENDA_2,요약문
id_2042-AGENDA_3,요약문
id_2042-AGENDA_4,요약문
id_2042-AGENDA_5,요약문
id_2042-AGENDA_6,요약문
id_2042-AGENDA_7,요약문
id_2042-AGENDA_8,요약문
id_2042-AGENDA_9,요약문
id_2043-AGENDA_1,요약문
id_2043-AGENDA_2,요약문
id_2043-AGENDA_3,요약문
id_2043-AGENDA_4,요약문
id_2045-AGENDA_1,요약문
id_2045-AGENDA_2,요약문
id_2045-AGENDA_3,요약문
id_2045-AGENDA_4,요약문
id_2045-AGENDA_5,요약문
id_2046-AGENDA_1,요약문
id_2046-AGENDA_2,요약문
id_2046-AGENDA_3,요약문
id_2046-AGENDA_4,요약문
id_2046-AGENDA_5,요약문
id_2046-AGENDA_6,요약문
id_2047-AGENDA_1,요약문
id_2047-AGENDA_2,요약문
id_2047-AGENDA_3,요약문
id_2047-AGENDA_4,요약문
id_2047-AGENDA_5,요약문
id_2047-AGENDA_6,요약문
id_2047-AGENDA_7,요약문
id_2047-AGENDA_8,요약문
id_2047-AGENDA_9,요약문
id_2047-AGENDA_10,요약문
id_2047-AGENDA_11,요약문
id_2049-AGENDA_1,요약문
id_2049-AGENDA_2,요약문
id_2049-AGENDA_3,요약문
id_2049-AGENDA_4,요약문
id_2051-AGENDA_1,요약문
id_2051-AGENDA_2,요약문
id_2051-AGENDA_3,요약문
id_2052-AGENDA_1,요약문
id_2052-AGENDA_2,요약문
id_2052-AGENDA_3,요약문
id_2052-AGENDA_4,요약문
id_2052-AGENDA_5,요약문
id_2054-AGENDA_1,요약문
id_2054-AGENDA_2,요약문
id_2054-AGENDA_3,요약문
id_2054-AGENDA_4,요약문
id_2054-AGENDA_5,요약문
id_2054-AGENDA_6,요약문
id_2054-AGENDA_7,요약문
id_2055-AGENDA_1,요약문
id_2055-AGENDA_2,요약문
id_2055-AGENDA_3,요약문
id_2055-AGENDA_4,요약문
id_2055-AGENDA_5,요약문
id_2055-AGENDA_6,요약문
id_2055-AGENDA_7,요약문
id_2055-AGENDA_8,요약문
id_2058-AGENDA_1,요약문
id_2058-AGENDA_2,요약문
id_2058-AGENDA_3,요약문
id_2058-AGENDA_4,요약문
id_2058-AGENDA_5,요약문
id_2059-AGENDA_1,요약문
id_2059-AGENDA_2,요약문
id_2059-AGENDA_3,요약문
id_2059-AGENDA_4,요약문
id_2059-AGENDA_5,요약문
id_2059-AGENDA_6,요약문
id_2060-AGENDA_1,요약문
id_2060-AGENDA_2,요약문
id_2060-AGENDA_3,요약문
id_2060-AGENDA_4,요약문
id_2060-AGENDA_5,요약문
id_2060-AGENDA_6,요약문
id_2060-AGENDA_7,요약문
id_2060-AGENDA_8,요약문
id_2061-AGENDA_1,요약문
id_2061-AGENDA_2,요약문
id_2061-AGENDA_3,요약문
id_2061-AGENDA_4,요약문
id_2061-AGENDA_5,요약문
id_2062-AGENDA_1,요약문
id_2062-AGENDA_2,요약문
id_2062-AGENDA_3,요약문
id_2062-AGENDA_4,요약문
id_2062-AGENDA_5,요약문
id_2066-AGENDA_1,요약문
id_2066-AGENDA_2,요약문
id_2066-AGENDA_3,요약문
id_2066-AGENDA_4,요약문
id_2066-AGENDA_5,요약문
id_2066-AGENDA_6,요약문
id_2066-AGENDA_7,요약문
id_2068-AGENDA_1,요약문
id_2068-AGENDA_2,요약문
id_2068-AGENDA_3,요약문
id_2068-AGENDA_4,요약문
id_2068-AGENDA_5,요약문
id_2068-AGENDA_6,요약문
id_2069-AGENDA_1,요약문
id_2069-AGENDA_2,요약문
id_2069-AGENDA_3,요약문
id_2069-AGENDA_4,요약문
id_2069-AGENDA_5,요약문
id_2069-AGENDA_6,요약문
id_2069-AGENDA_7,요약문
id_2069-AGENDA_8,요약문
id_2071-AGENDA_1,요약문
id_2071-AGENDA_2,요약문
id_2071-AGENDA_3,요약문
id_2071-AGENDA_4,요약문
id_2071-AGENDA_5,요약문
id_2071-AGENDA_6,요약문
id_2071-AGENDA_7,요약문
id_2071-AGENDA_8,요약문
id_2071-AGENDA_9,요약문
id_2071-AGENDA_10,요약문
id_2071-AGENDA_11,요약문
id_2071-AGENDA_12,요약문
id_2071-AGENDA_13,요약문
id_2073-AGENDA_1,요약문
id_2073-AGENDA_2,요약문
id_2073-AGENDA_3,요약문
id_2073-AGENDA_4,요약문
id_2073-AGENDA_5,요약문
id_2074-AGENDA_1,요약문
id_2074-AGENDA_2,요약문
id_2074-AGENDA_3,요약문
id_2074-AGENDA_4,요약문
id_2075-AGENDA_1,요약문
id_2075-AGENDA_2,요약문
id_2075-AGENDA_3,요약문
id_2075-AGENDA_4,요약문
id_2075-AGENDA_5,요약문
id_2076-AGENDA_1,요약문
id_2076-AGENDA_2,요약문
id_2076-AGENDA_3,요약문
id_2077-AGENDA_1,요약문
id_2077-AGENDA_2,요약문
id_2077-AGENDA_3,요약문
id_2077-AGENDA_4,요약문
id_2078-AGENDA_1,요약문
id_2078-AGENDA_2,요약문
id_2078-AGENDA_3,요약문
id_2078-AGENDA_4,요약문
id_2081-AGENDA_1,요약문
id_2081-AGENDA_2,요약문
id_2081-AGENDA_3,요약문
id_2081-AGENDA_4,요약문
id_2081-AGENDA_5,요약문
id_2081-AGENDA_6,요약문
id_2082-AGENDA_1,요약문
id_2082-AGENDA_2,요약문
id_2082-AGENDA_3,요약문
id_2083-AGENDA_1,요약문
id_2083-AGENDA_2,요약문
id_2083-AGENDA_3,요약문
id_2083-AGENDA_4,요약문
id_2083-AGENDA_5,요약문
id_2083-AGENDA_6,요약문
id_2083-AGENDA_7,요약문
id_2083-AGENDA_8,요약문
id_2083-AGENDA_9,요약문
id_2083-AGENDA_10,요약문
id_2083-AGENDA_11,요약문
id_2084-AGENDA_1,요약문
id_2084-AGENDA_2,요약문
id_2084-AGENDA_3,요약문
id_2084-AGENDA_4,요약문
id_2084-AGENDA_5,요약문
id_2084-AGENDA_6,요약문
id_2084-AGENDA_7,요약문
id_2085-AGENDA_1,요약문
id_2085-AGENDA_2,요약문
id_2085-AGENDA_3,요약문
id_2085-AGENDA_4,요약문
id_2085-AGENDA_5,요약문
id_2085-AGENDA_6,요약문
id_2086-AGENDA_1,요약문
id_2086-AGENDA_2,요약문
id_2086-AGENDA_3,요약문
id_2086-AGENDA_4,요약문
id_2087-AGENDA_1,요약문
id_2087-AGENDA_2,요약문
id_2087-AGENDA_3,요약문
id_2088-AGENDA_1,요약문
id_2088-AGENDA_2,요약문
id_2088-AGENDA_3,요약문
id_2088-AGENDA_4,요약문
id_2088-AGENDA_5,요약문
id_2088-AGENDA_6,요약문
id_2088-AGENDA_7,요약문
id_2088-AGENDA_8,요약문
id_2088-AGENDA_9,요약문
id_2089-AGENDA_1,요약문
id_2089-AGENDA_2,요약문
id_2089-AGENDA_3,요약문
id_2089-AGENDA_4,요약문
id_2089-AGENDA_5,요약문
id_2089-AGENDA_6,요약문
id_2089-AGENDA_7,요약문
id_2089-AGENDA_8,요약문
id_2089-AGENDA_9,요약문
id_2089-AGENDA_10,요약문
id_2089-AGENDA_11,요약문
id_2089-AGENDA_12,요약문
id_2089-AGENDA_13,요약문
id_2089-AGENDA_14,요약문
id_2090-AGENDA_1,요약문
id_2090-AGENDA_2,요약문
id_2090-AGENDA_3,요약문
id_2090-AGENDA_4,요약문
id_2090-AGENDA_5,요약문
id_2090-AGENDA_6,요약문
id_2090-AGENDA_7,요약문
id_2090-AGENDA_8,요약문
id_2091-AGENDA_1,요약문
id_2091-AGENDA_2,요약문
id_2091-AGENDA_3,요약문
id_2092-AGENDA_1,요약문
id_2092-AGENDA_2,요약문
id_2092-AGENDA_3,요약문
id_2092-AGENDA_4,요약문
id_2092-AGENDA_5,요약문
id_2093-AGENDA_1,요약문
id_2093-AGENDA_2,요약문
id_2093-AGENDA_3,요약문
id_2093-AGENDA_4,요약문
id_2093-AGENDA_5,요약문
id_2093-AGENDA_6,요약문
id_2093-AGENDA_7,요약문
id_2093-AGENDA_8,요약문
id_2094-AGENDA_1,요약문
id_2094-AGENDA_2,요약문
id_2094-AGENDA_3,요약문
id_2094-AGENDA_4,요약문
id_2094-AGENDA_5,요약문
id_2094-AGENDA_6,요약문
id_2094-AGENDA_7,요약문
id_2094-AGENDA_8,요약문
id_2094-AGENDA_9,요약문
id_2095-AGENDA_1,요약문
id_2095-AGENDA_2,요약문
id_2095-AGENDA_3,요약문
id_2095-AGENDA_4,요약문
id_2095-AGENDA_5,요약문
id_2095-AGENDA_6,요약문
id_2095-AGENDA_7,요약문
id_2095-AGENDA_8,요약문
id_2095-AGENDA_9,요약문
id_2096-AGENDA_1,요약문
id_2096-AGENDA_2,요약문
id_2096-AGENDA_3,요약문
id_2096-AGENDA_4,요약문
id_2096-AGENDA_5,요약문
id_2096-AGENDA_6,요약문
